"Status","Start Time","Stop Time","Duration in ms","Parent Suite","Suite","Sub Suite","Test Class","Test Method","Name","Description"
"passed","Sat May 08 13:41:18 CST 2021","Sat May 08 13:41:18 CST 2021","1","","test_demo","TestCalDiv","","","test_div_int[int3]",""
"passed","Sat May 08 13:41:18 CST 2021","Sat May 08 13:41:18 CST 2021","0","","test_demo","TestCalAdd","","","test_add_float[float2]",""
"passed","Sat May 08 13:41:18 CST 2021","Sat May 08 13:41:18 CST 2021","1","","test_demo","TestCalAdd","","","test_add_fraction[fraction1]",""
"passed","Sat May 08 13:41:18 CST 2021","Sat May 08 13:41:18 CST 2021","1","","test_demo","TestCalAdd","","","test_add_error[a-1]",""
"passed","Sat May 08 13:41:18 CST 2021","Sat May 08 13:41:18 CST 2021","1","","test_demo","TestCalDiv","","","test_div_error[3-b2-除数为列表]",""
"passed","Sat May 08 13:41:18 CST 2021","Sat May 08 13:41:18 CST 2021","2","","test_demo","TestCalDiv","","","test_div_float[float3]",""
"passed","Sat May 08 13:41:18 CST 2021","Sat May 08 13:41:18 CST 2021","1","","test_demo","TestCalDiv","","","test_div_float[float1]",""
"passed","Sat May 08 13:41:18 CST 2021","Sat May 08 13:41:18 CST 2021","0","","test_demo","TestCalAdd","","","test_add_error[a-2]",""
"passed","Sat May 08 13:41:18 CST 2021","Sat May 08 13:41:18 CST 2021","0","","test_demo","TestCalDiv","","","test_div_error[1-0-除数为0]",""
"passed","Sat May 08 13:41:18 CST 2021","Sat May 08 13:41:18 CST 2021","2","","test_demo","TestCalDiv","","","test_div_minus[3--3--1-除数为负数：]",""
"passed","Sat May 08 13:41:18 CST 2021","Sat May 08 13:41:18 CST 2021","1","","test_demo","TestCalAdd","","","test_add_int[1-2-3]",""
"passed","Sat May 08 13:41:18 CST 2021","Sat May 08 13:41:18 CST 2021","1","","test_demo","TestCalAdd","","","test_add_minus[-2--2--4]",""
"passed","Sat May 08 13:41:18 CST 2021","Sat May 08 13:41:18 CST 2021","1","","test_demo","TestCalDiv","","","test_div_int[int4]",""
"passed","Sat May 08 13:41:18 CST 2021","Sat May 08 13:41:18 CST 2021","0","","test_demo","TestCalAdd","","","test_add_int[2-2-4]",""
"passed","Sat May 08 13:41:18 CST 2021","Sat May 08 13:41:18 CST 2021","0","","test_demo","TestCalDiv","","","test_div_error[3-测试-除数或被除数为汉字]",""
"passed","Sat May 08 13:41:18 CST 2021","Sat May 08 13:41:18 CST 2021","0","","test_demo","TestCalAdd","","","test_add_float[float1]",""
"passed","Sat May 08 13:41:18 CST 2021","Sat May 08 13:41:18 CST 2021","0","","test_demo","TestCalDiv","","","test_div_minus[-3-3--1-被除数为负数：]",""
"passed","Sat May 08 13:41:18 CST 2021","Sat May 08 13:41:18 CST 2021","0","","test_demo","TestCalDiv","","","test_div_float[float2]",""
"passed","Sat May 08 13:41:18 CST 2021","Sat May 08 13:41:18 CST 2021","1","","test_demo","TestCalDiv","","","test_div_minus[-3--3-1-除数和被除数都为负数：]",""
"passed","Sat May 08 13:41:18 CST 2021","Sat May 08 13:41:18 CST 2021","1","","test_demo","TestCalAdd","","","test_add_minus[-1--1--2]",""
"passed","Sat May 08 13:41:18 CST 2021","Sat May 08 13:41:18 CST 2021","0","","test_demo","TestCalAdd","","","test_add_int[33-65-98]",""
"passed","Sat May 08 13:41:18 CST 2021","Sat May 08 13:41:18 CST 2021","0","","test_demo","TestCalDiv","","","test_div_error[3-test-除数为字符]",""
"passed","Sat May 08 13:41:18 CST 2021","Sat May 08 13:41:18 CST 2021","1","","test_demo","TestCalAdd","","","test_add_fraction[fraction2]",""
"passed","Sat May 08 13:41:18 CST 2021","Sat May 08 13:41:18 CST 2021","0","","test_demo","TestCalAdd","","","test_add_float[float3]",""
"passed","Sat May 08 13:41:18 CST 2021","Sat May 08 13:41:18 CST 2021","0","","test_demo","TestCalDiv","","","test_div_int[int2]",""
"passed","Sat May 08 13:41:18 CST 2021","Sat May 08 13:41:18 CST 2021","0","","test_demo","TestCalDiv","","","test_div_int[int1]",""
"passed","Sat May 08 13:41:18 CST 2021","Sat May 08 13:41:18 CST 2021","0","","test_demo","TestCalDiv","","","test_div_float[float4]",""
"passed","Sat May 08 13:41:18 CST 2021","Sat May 08 13:41:18 CST 2021","1","","test_demo","TestCalAdd","","","test_add_minus[1--1-0]",""
